{
  "version": "2023.2",
  "applications": [],
  "platforms": [
    {
      "name": "finalproject"
    }
  ],
  "systems": [
    {
      "name": "final_project_system",
      "platform": "C:/Users/user/workspace/finalproject/export/finalproject/finalproject.xpfm",
      "sysConfig": "finalproject",
      "buildConfig": "Debug",
      "applications": [
        {
          "name": "final_project",
          "platform": "C:/Users/user/workspace/finalproject/export/finalproject/finalproject.xpfm",
          "platformPath": "C:\\Users\\user\\workspace\\finalproject\\export\\finalproject",
          "sysConfig": "finalproject",
          "domain": "standalone_domain",
          "system": "final_project_system"
        }
      ],
      "platformPath": "C:\\Users\\user\\workspace\\finalproject\\export\\finalproject"
    }
  ],
  "others": []
}